source_board,source_code,member_count,fetch_status
东数西算(算力),308828,50,ok
算力租赁,309068,50,ok
数据中心(AIDC),308642,50,ok
英伟达概念,309065,50,ok
华为昇腾,309090,50,ok
液冷服务器,309061,50,ok
共封装光学(CPO),309049,50,ok
光纤概念,309151,50,ok
铜缆高速连接,309125,46,ok
PCB概念,308832,50,ok
芯片概念,301085,50,ok
第三代半导体,308700,50,ok
MCU芯片,308300,50,ok
存储芯片,307940,50,ok
华为海思概念股,308527,50,ok
先进封装,309004,50,ok
光刻机,309085,49,ok
光刻胶,308582,50,ok
人工智能,302035,51,ok
AI应用,309264,50,ok
多模态AI,309104,50,ok
AI智能体,309183,50,ok
AI语料,309126,50,ok
AI视频,309118,50,ok
智谱AI,309164,50,ok
信创,309020,50,ok
数据要素,309060,50,ok
网络安全,300756,51,ok
华为鲲鹏,308883,50,ok
华为欧拉,308887,47,ok
华为盘古,309170,29,ok
AI PC,309121,50,ok
AI手机,309120,39,ok
AI眼镜,309152,50,ok
华为手机,309167,45,ok
消费电子概念,308384,50,ok
苹果概念,300309,50,ok
华为概念,301459,50,ok
机器人概念,300816,51,ok
人形机器人,309119,50,ok
无人驾驶,301286,51,ok
汽车电子,301471,51,ok
汽车芯片,308725,50,ok
华为汽车,308507,50,ok
小米汽车,309106,50,ok
